Absolute Values,17,23,,1,Perimeter-Area-Volume,108,9.5%
Ratio and Proportions,44,10,,2,Word Problems,101,8.9%
Lines,40,11,,3,Plug in Numbers (Calc),95,8.3%
Sequences,21,21,,4,Percents-Probability-Combinations,87,7.6%
Percents-Probability-Combinations,87,4,,5,Equation Set Up (Conversions-Mixture-%Change),59,5.2%
Data Interpretation,31,14,,6,Geometry Rules,51,4.5%
Exponent Rules,31,15,,7,Vocab,51,4.5%
Word Problems,101,2,,8,SOHCAHTOA-PYTHAG,50,4.4%
Simplify (CommDenom),27,19,,9,Mean-Median-Mode,49,4.3%
Solving Algebra,30,17,,10,Ratio and Proportions,44,3.9%
Perimeter-Area-Volume,108,1,,11,Lines,40,3.5%
Mean-Median-Mode,49,9,,12,Foil-Factor-Multiples,38,3.3%
Geometry Rules,51,6,,13,Circles-Ellipses,34,3.0%
Plug in Numbers (Calc),95,3,,14,Data Interpretation,31,2.7%
Imaginary Numbers,13,27,,15,Exponent Rules,31,2.7%
Transformations,19,22,,16,Trig,31,2.7%
Vocab,51,7,,17,Solving Algebra,30,2.6%
Inequalities,15,26,,18,Coordinate Geometry,28,2.5%
Foil-Factor-Multiples,38,12,,19,Simplify (CommDenom),27,2.4%
Equation Set Up (Conversions-Mixture-%Change),59,5,,20,Systems of Equations,25,2.2%
SOHCAHTOA-PYTHAG,50,8,,21,Sequences,21,1.8%
Coordinate Geometry,28,18,,22,Transformations,19,1.7%
Matrices,16,24,,23,Absolute Values,17,1.5%
Systems of Equations,25,20,,24,Matrices,16,1.4%
Circles-Ellipses,34,13,,25,Rational Functions,16,1.4%
Trig,31,16,,26,Inequalities,15,1.3%
Rational Functions,16,25,,27,Imaginary Numbers,13,1.1%
Logs,13,28,,28,Logs,13,1.1%
